Project Name,Status,Project Type,Region,Country,Developer,Vintage Year,Price per Tonne,Risk,Tonnes Chosen
Amazon REDD+ Guardians,Active,Avoided Deforestation,South America,Brazil,Verdant Forest Partners,2022,14.50,Medium,12000
Kenya Cookstove Initiative,Active,Clean Cookstoves,Africa,Kenya,CleanFlame Ltd,2023,9.80,Low,8500
Borneo Peatland Restoration,Under Development,Peatland Restoration,Asia,Indonesia,Tropic Carbon Co,2024,21.00,High,4200
Highland Wind Farm Phase 2,Active,Renewable Energy,Europe,United Kingdom,Northwind Energy,2021,7.25,Low,15000
Sahel Regenerative Agriculture,Active,Soil Carbon,Africa,Senegal,SoilBank Africa,2023,16.40,Medium,6300
Pacific Mangrove Blue Carbon,Active,Blue Carbon,Asia,Philippines,Blue Tide Foundation,2022,27.90,Medium,3100
Direct Air Capture Texas,Pilot,Direct Air Capture,North America,United States,AirLoop Inc,2025,310.00,High,150
Andean Reforestation Corridor,Active,Afforestation,South America,Peru,Condor Reforest,2022,18.30,Medium,7800
Rajasthan Solar Park,Active,Renewable Energy,Asia,India,SunBelt Power,2021,5.60,Low,20000
Nordic Biochar Network,Active,Biochar,Europe,Sweden,Carbonera AB,2024,112.00,Low,900
Great Plains Soil Carbon,Under Development,Soil Carbon,North America,United States,PrairieCarbon,2024,23.50,High,2700
Congo Basin Forest Protection,Active,Avoided Deforestation,Africa,DRC,Congo Canopy Trust,2022,12.10,High,9600
